도서관명,시도명,시군구명,도서관유형,상태는 어떤거냐?
덕산아내프리미엄아파트 작은도서관,경상남도,거제시,작은도서관,a1
강하작은도서관,경기도,양평군,작은도서관,a2
강상작은도서관,경기도,양평군,작은도서관,a3
양동도서관,경기도,양평군,공공도서관,a4
지평도서관,경기도,양평군,공공도서관,a5
용문도서관,경기도,양평군,공공도서관,a6
양서친환경도서관,경기도,양평군,공공도서관,a7
어린이도서관,경기도,양평군,공공도서관,a8
별빛도서관,경기도,남양주시,공공도서관,a9
퇴계원도서관,경기도,남양주시,공공도서관,a10
대림동산작은도서관,경기도,안성시,작은도서관,a11
삼죽작은도서관,경기도,안성시,작은도서관,a12
죽산작은도서관,경기도,안성시,작은도서관,a13
부영작은도서관,경기도,안성시,작은도서관,a14
태산작은도서관,경기도,안성시,작은도서관,a15
조이도서관,인천광역시,부평구,작은도서관,a16
하우스디 작은도서관,인천광역시,부평구,작은도서관,a17
함께하는 사랑밭 그림책도서관 1호점,인천광역시,부평구,작은도서관,a18
노동자의 작은도서관 사람,인천광역시,부평구,작은도서관,a19
거창군립한마음도서관,경상남도,거창군,공공도서관,a20
홍도도서관,대전광역시,동구,공공도서관,a21
자양도서관,대전광역시,동구,공공도서관,a22
성남도서관,대전광역시,동구,공공도서관,a23
무지개도서관,대전광역시,동구,공공도서관,a24
판암도서관,대전광역시,동구,공공도서관,a25
가양도서관,대전광역시,동구,공공도서관,a26
신탄진도서관,대전광역시,대덕구,공공도서관,a27
세미원작은도서관,경기도,양평군,작은도서관,a28
단월작은도서관,경기도,양평군,작은도서관,a29
개군작은도서관,경기도,양평군,작은도서관,a30
청운작은도서관,경기도,양평군,작은도서관,a31
서종작은도서관,경기도,양평군,작은도서관,a32
호평도서관,경기도,남양주시,공공도서관,a33
평내도서관,경기도,남양주시,공공도서관,a34
진건도서관,경기도,남양주시,공공도서관,a35
화도도서관,경기도,남양주시,공공도서관,a36
와부도서관,경기도,남양주시,공공도서관,a37
도농도서관,경기도,남양주시,공공도서관,a38
월야 작은도서관,전라남도,함평군,작은도서관,a39
용강도서관,전라남도,광양시,공공도서관,a40
희망도서관,전라남도,광양시,어린이도서관,a41
중마도서관,전라남도,광양시,공공도서관,a42
중앙도서관,전라남도,광양시,공공도서관,a43
학교면 작은도서관,전라남도,함평군,작은도서관,a44
대동 사랑방문고,전라남도,함평군,작은도서관,a45
신광 마을도서관,전라남도,함평군,작은도서관,a46
손불 작은도서관,전라남도,함평군,작은도서관,a47
함평군립도서관,전라남도,함평군,공공도서관,a48
작전도서관,인천광역시,계양구,공공도서관,a49
무지개도서관,경기도,성남시,공공도서관,a50
구미도서관,경기도,성남시,공공도서관,a51
광천공공도서관,충청남도,홍성군,공공도서관,a52
햇빛21작은도서관,경기도,고양시 덕양구,작은도서관,a53
사랑채작은도서관,인천광역시,부평구,작은도서관,a54
선일비전영어작은도서관,인천광역시,부평구,작은도서관,a55
하하작은도서관,인천광역시,부평구,작은도서관,a56
두드림작은도서관,인천광역시,부평구,작은도서관,a57
동암비전도서관,인천광역시,부평구,작은도서관,a58
한라도서관,제주특별자치도,제주시,공공도서관,a59
동수작은도서관,인천광역시,부평구,작은도서관,a60
글마루도서관,인천광역시,부평구,작은도서관,a61
갈산밀알도서관,인천광역시,부평구,작은도서관,a62
산곡글향기도서관,인천광역시,부평구,작은도서관,a63
희망천작은도서관,인천광역시,부평구,작은도서관,a64
샘터도서관,인천광역시,부평구,작은도서관,a65
꿈나무작은도서관,인천광역시,부평구,작은도서관,a66
부개어린이도서관,인천광역시,부평구,공공도서관,a67
갈산도서관,인천광역시,부평구,공공도서관,a68
청천도서관,인천광역시,부평구,공공도서관,a69
부평기적의도서관,인천광역시,부평구,공공도서관,a70
증평군립도서관,충청북도,증평군,공공도서관,a71
희망 Library Center,경기도,의정부시,작은도서관,a72
선비마을작은도서관,경상남도,산청군,작은도서관,a73
행복미소작은도서관,경상남도,산청군,작은도서관,a74
외포바다마을 작은도서관,경상남도,거제시,작은도서관,a75
꿈꾸는놀이터 작은도서관,경상남도,거제시,작은도서관,a76
엘마르작은도서관,경상남도,거제시,작은도서관,a77
고읍내작은도서관,경기도,양평군,작은도서관,a78
서귀포학생문화원도서관,제주특별자치도,서귀포시,공공도서관,a79
제주도서관,제주특별자치도,제주시,공공도서관,a80
성산일출도서관,제주특별자치도,서귀포시,공공도서관,a81
표선도서관,제주특별자치도,서귀포시,공공도서관,a82
안덕산방도서관,제주특별자치도,서귀포시,공공도서관,a83
서귀포기적의도서관,제주특별자치도,서귀포시,공공도서관,a84
서부도서관,제주특별자치도,서귀포시,공공도서관,a85
동부도서관,제주특별자치도,서귀포시,공공도서관,a86
중앙도서관,제주특별자치도,서귀포시,공공도서관,a87
삼매봉도서관,제주특별자치도,서귀포시,공공도서관,a88
한경도서관,제주특별자치도,제주시,공공도서관,a89
애월도서관,제주특별자치도,제주시,공공도서관,a90
조천읍도서관,제주특별자치도,제주시,공공도서관,a91
제주시기적의도서관,제주특별자치도,제주시,공공도서관,a92
구정자료실작은도서관,부산광역시,부산중구,작은도서관,a93
민들레작은도서관,부산광역시,부산중구,작은도서관,a94
산리작은도서관,부산광역시,부산중구,작은도서관,a95
책갈피작은도서관,부산광역시,부산중구,작은도서관,a96
한뫼도서관,경기도,고양시 일산서구,공공도서관,a97
풍동도서관,경기도,고양시 일산동구,공공도서관,a98
푸른마을작은도서관,경기도,고양시 덕양구,작은도서관,a99
호수공원작은도서관,경기도,고양시 일산동구,작은도서관,a100
행신어린이도서관,경기도,고양시 덕양구,어린이도서관,a101
행신도서관,경기도,고양시 덕양구,공공도서관,a102
햇빛마을작은도서관,경기도,고양시 덕양구,작은도서관,a103
대방어린이도서관,서울특별시,동작구,공공도서관,a104
빛나라도서관,전라남도,화순군,작은도서관,a105
동작어린이도서관,서울특별시,동작구,공공도서관,a106
동작상도국주도서관,서울특별시,동작구,공공도서관,a107
한수풀도서관,제주특별자치도,서귀포시,공공도서관,a108
동녘도서관,제주특별자치도,서귀포시,공공도서관,a109
송악도서관,제주특별자치도,서귀포시,공공도서관,a110
제남도서관,제주특별자치도,서귀포시,공공도서관,a111
우당도서관,제주특별자치도,제주시,공공도서관,a112
탐라도서관,제주특별자치도,제주시,공공도서관,a113
태안군립중앙도서관,충청남도,태안군,공공도서관,a114
태안군립안면도서관,충청남도,태안군,공공도서관,a115
부개도서관,인천광역시,부평구,공공도서관,a116
삼산도서관,인천광역시,부평구,공공도서관,a117
괴산교육도서관,충청북도,괴산군 괴산읍,공공도서관,a118
증평교육도서관,충청북도,증평군,공공도서관,a119
별내도서관,경기도,남양주시,공공도서관,a120
진접도서관,경기도,남양주시,공공도서관,a121
진접푸른숲도서관,경기도,남양주시,공공도서관,a122
오남도서관,경기도,남양주시,공공도서관,a123
남부면작은도서관,경상남도,거제시,작은도서관,a124
글밭작은도서관,경상남도,거제시,작은도서관,a125
성은작은도서관,경상남도,거제시,작은도서관,a126
바람의언덕작은도서관,경상남도,거제시,작은도서관,a127
참새미작은도서관,경상남도,거제시,작은도서관,a128
힐나눔작은도서관,경상남도,거제시,작은도서관,a129
파라미타작은도서관,경상남도,거제시,작은도서관,a130
덕산아내프리미엄2차아파트작은도서관,경상남도,거제시,작은도서관,a131
벽산3차새마을작은도서관,경상남도,거제시,작은도서관,a132
벽산-e솔렌스힐2차작은도서관,경상남도,거제시,작은도서관,a133
참좋은작은도서관,경상남도,거제시,작은도서관,a134
e편한세상옥포아파트작은도서관,경상남도,거제시,작은도서관,a135
둔덕청마꽃들작은도서관,경상남도,거제시,작은도서관,a136
거제시립장평도서관,경상남도,거제시,공공도서관,a137
거제시립옥포도서관,경상남도,거제시,공공도서관,a138
거제시립장승포도서관,경상남도,거제시,공공도서관,a139
거제시립수양도서관,경상남도,거제시,공공도서관,a140
거제시립하청도서관,경상남도,거제시,공공도서관,a141
옥포작은도서관,경상남도,거제시,작은도서관,a142
새마을문고작은도서관,경상남도,거제시,작은도서관,a143
푸른숲작은도서관,경상남도,거제시,작은도서관,a144
모오리돌작은도서관,경상남도,거제시,작은도서관,a145
마상공원작은도서관,경기도,고양시 덕양구,작은도서관,a146
모당공원작은도서관,경기도,고양시 일산동구,작은도서관,a147
백석도서관,경기도,고양시 일산동구,공공도서관,a148
사리현작은도서관,경기도,고양시 일산동구,작은도서관,a149
삼송도서관,경기도,고양시 덕양구,공공도서관,a150
식사도서관,경기도,고양시 일산동구,공공도서관,a151
신도작은도서관,경기도,고양시 덕양구,작은도서관,a152
신원도서관,경기도,고양시 덕양구,공공도서관,a153
아람누리도서관,경기도,고양시 일산동구,공공도서관,a154
원당도서관,경기도,고양시 덕양구,공공도서관,a155
주엽어린이도서관,경기도,고양시 일산서구,어린이도서관,a156
탄현작은도서관,경기도,고양시 일산서구,작은도서관,a157
중앙도서관,경기도,양평군,공공도서관,a158
가좌도서관,경기도,고양시 일산서구,공공도서관,a159
강촌공원작은도서관,경기도,고양시 일산동구,작은도서관,a160
고양 포돌이 안전도서관,경기도,고양시 덕양구,작은도서관,a161
고양윤창작은도서관,경기도,고양시 덕양구,작은도서관,a162
고양작은도서관,경기도,고양시 덕양구,작은도서관,a163
관산작은도서관,경기도,고양시 덕양구,작은도서관,a164
대덕작은도서관,경기도,고양시 덕양구,작은도서관,a165
대화도서관,경기도,고양시 일산서구,공공도서관,a166
대화마을작은도서관,경기도,고양시 일산서구,작은도서관,a167
덕이도서관,경기도,고양시 일산서구,공공도서관,a168
마두도서관,경기도,고양시 일산동구,공공도서관,a169
가오도서관,대전광역시,동구,공공도서관,a170
용운도서관,대전광역시,동구,공공도서관,a171
동구청 작은도서관,대구광역시,동구,작은도서관,a172
함양도서관,경상남도,함양군,공공도서관,a173
하늘도시교회작은도서관,인천광역시,부평구,작은도서관,a174
마을도서관,인천광역시,부평구,작은도서관,a175
해오름작은도서관,인천광역시,부평구,작은도서관,a176
늘푸른도서관,인천광역시,부평구,작은도서관,a177
엘림작은도서관,인천광역시,부평구,작은도서관,a178
청소년인문학도서관 두잉,인천광역시,부평구,작은도서관,a179
꿈땅도서관,인천광역시,부평구,작은도서관,a180
옹달샘도서관,인천광역시,부평구,작은도서관,a181
누리보듬 마을문고,인천광역시,부평구,작은도서관,a182
동그라미도서관,인천광역시,부평구,작은도서관,a183
춤추는달팽이도서관,인천광역시,부평구,작은도서관,a184
신나는여성주의도서관 랄라,인천광역시,부평구,작은도서관,a185
청개구리어린이도서관,인천광역시,부평구,작은도서관,a186
민들레작은도서관,인천광역시,부평구,작은도서관,a187
반야월역사 작은도서관,대구광역시,동구,작은도서관,a188
해안동 작은도서관,대구광역시,동구,작은도서관,a189
동촌역사 작은도서관,대구광역시,동구,작은도서관,a190
지저동 작은도서관,대구광역시,동구,작은도서관,a191
불로어울림 작은도서관,대구광역시,동구,작은도서관,a192
도평동 작은도서관,대구광역시,동구,작은도서관,a193
효목2동 작은도서관,대구광역시,동구,작은도서관,a194
효목1동 작은도서관,대구광역시,동구,작은도서관,a195
신천4동 작은도서관,대구광역시,동구,작은도서관,a196
신천3동 작은도서관,대구광역시,동구,작은도서관,a197
신암3동작은도서관,대구광역시,동구,작은도서관,a198
신암2동작은도서관,대구광역시,동구,작은도서관,a199
신천도서관,대구광역시,동구,공공도서관,a200
안심도서관,대구광역시,동구,공공도서관,a201
철마도서관,전라남도,진도군,공공도서관,a202
넓은들작은도서관,서울특별시,양천구,작은도서관,a203
고맙습니다 작은도서관,서울특별시,양천구,작은도서관,a204
호롱불작은도서관,서울특별시,양천구,작은도서관,a205
그린나래미술도서관,서울특별시,양천구,작은도서관,a206
지양마을 작은도서관,서울특별시,양천구,작은도서관,a207
달빛마을 작은도서관,서울특별시,양천구,작은도서관,a208
고운맘 작은도서관,서울특별시,양천구,작은도서관,a209
고운달 작은도서관,서울특별시,양천구,작은도서관,a210
꿈자람 작은도서관,서울특별시,양천구,작은도서관,a211
달마을작은도서관,서울특별시,양천구,작은도서관,a212
영어특성화도서관,서울특별시,양천구,공공도서관,a213
해맞이역사도서관,서울특별시,양천구,공공도서관,a214
방아다리문학도서관,서울특별시,양천구,공공도서관,a215
개울건강도서관,서울특별시,양천구,공공도서관,a216
목마교육도서관,서울특별시,양천구,공공도서관,a217
미감도서관,서울특별시,양천구,공공도서관,a218
신월음악도서관,서울특별시,양천구,공공도서관,a219
갈산도서관,서울특별시,양천구,공공도서관,a220
국사봉숲속작은도서관,서울특별시,동작구,작은도서관,a221
다울작은도서관,서울특별시,동작구,작은도서관,a222
동작샘터도서관,서울특별시,동작구,작은도서관,a223
약수도서관,서울특별시,동작구,공공도서관,a224
사당솔밭도서관,서울특별시,동작구,공공도서관,a225
?다작은도서관,부산광역시,부산중구,작은도서관,a226
보수동책방골목어린이도서관,부산광역시,부산중구,어린이도서관,a227
고맙습니다.글마루작은도서관,부산광역시,부산중구,작은도서관,a228
녹양동 작은도서관,경기도,의정부시,작은도서관,a229
흥선동 작은도서관,경기도,의정부시,작은도서관,a230
가능동 작은도서관,경기도,의정부시,작은도서관,a231
자금동 작은도서관,경기도,의정부시,작은도서관,a232
송산2동 작은도서관,경기도,의정부시,작은도서관,a233
송산1동 작은도서관,경기도,의정부시,작은도서관,a234
신곡2동 작은도서관,경기도,의정부시,작은도서관,a235
신곡1동 작은도서관,경기도,의정부시,작은도서관,a236
장암동 작은도서관,경기도,의정부시,작은도서관,a237
해보 작은도서관,전라남도,함평군,작은도서관,a238
통영시립욕지도서관,경상남도,통영시,공공도서관,a239
송촌도서관,대전광역시,대덕구,공공도서관,a240
안산도서관,대전광역시,대덕구,공공도서관,a241
내유작은도서관,경기도,고양시 덕양구,작은도서관,a242
화정어린이도서관,경기도,고양시 덕양구,어린이도서관,a243
화정도서관,경기도,고양시 덕양구,공공도서관,a244
화전작은도서관,경기도,고양시 덕양구,작은도서관,a245
서현도서관,경기도,성남시,공공도서관,a246
중앙도서관,경기도,성남시,공공도서관,a247
무안군공공도서관,전라남도,무안군,공공도서관,a248
의정부1동 작은도서관 별관,경기도,의정부시,작은도서관,a249
의정부1동 작은도서관,경기도,의정부시,작은도서관,a250
의정부어린이도서관,경기도,의정부시,공공도서관,a251
의정부정보도서관,경기도,의정부시,공공도서관,a252
동양도서관,인천광역시,계양구,공공도서관,a253
서운도서관,인천광역시,계양구,공공도서관,a254
효성도서관,인천광역시,계양구,공공도서관,a255
충주시립도서관,충청북도,충주시,공공도서관,a256
분당도서관,경기도,성남시,공공도서관,a257
해오름도서관,경기도,성남시,공공도서관,a258
중원어린이도서관,경기도,성남시,공공도서관,a259
판교어린이도서관,경기도,성남시,공공도서관,a260
판교도서관,경기도,성남시,공공도서관,a261
논골도서관,경기도,성남시,공공도서관,a262
중원도서관,경기도,성남시,공공도서관,a263
수정도서관,경기도,성남시,공공도서관,a264
운중도서관,경기도,성남시,공공도서관,a265
호원1동 작은도서관,경기도,의정부시,작은도서관,a266
의정부2동 작은도서관,경기도,의정부시,작은도서관,a267
통영시립산양도서관,경상남도,통영시,공공도서관,a268
통영시립충무도서관,경상남도,통영시,공공도서관,a269
통영시립도서관,경상남도,통영시,공공도서관,a270
의정부가재울도서관,경기도,의정부시,공공도서관,a271
의정부미술도서관,경기도,의정부시,공공도서관,a272
의정부과학도서관,경기도,의정부시,공공도서관,a273
송정작은도서관,경기도,안성시,작은도서관,a274
풍림작은도서관,경기도,안성시,작은도서관,a275
안성시립일죽도서관,경기도,안성시,공공도서관,a276
에이스문고,광주광역시,북구,작은도서관,a277
안성시립진사도서관,경기도,안성시,공공도서관,a278
안성시립보개도서관,경기도,안성시,공공도서관,a279
안성시립공도도서관,경기도,안성시,공공도서관,a280
안성시립중앙도서관,경기도,안성시,공공도서관,a281
옥산도서관,충청북도,청주시,공공도서관,a282
신율봉도서관,충청북도,청주시,공공도서관,a283
시립도서관,충청북도,청주시,공공도서관,a284
상당도서관,충청북도,청주시,공공도서관,a285
청원도서관,충청북도,청주시,공공도서관,a286
오창호수도서관,충청북도,청주시,공공도서관,a287
오창도서관,충청북도,청주시,공공도서관,a288
오송도서관,충청북도,청주시,공공도서관,a289
서원도서관,충청북도,청주시,공공도서관,a290
흥덕도서관,충청북도,청주시,공공도서관,a291
강내도서관,충청북도,청주시,공공도서관,a292
청주금빛도서관,충청북도,청주시,공공도서관,a293
청주기적의도서관,충청북도,청주시,공공도서관,a294
충주시립도서관,충청북도,충주시,공공도서관,a295
제천시립도서관,충청북도,충청북도 제천시,공공도서관,a296
의병도서관,충청북도,충청북도 제천시,공공도서관,a297
제천여성도서관,충청북도,충청북도 제천시,공공도서관,a298
봉양도서관,충청북도,충청북도 제천시,공공도서관,a299
기적의도서관,충청북도,충청북도 제천시,어린이도서관,a300
옥천군민도서관,충청북도,옥천군,공공도서관,a301
레인보우영동도서관,충청북도,영동군,공공도서관,a302
증평군립도서관,충청북도,증평군,공공도서관,a303
진천군립도서관,충청북도,진천군,공공도서관,a304
진천군립광혜원도서관,충청북도,진천군,공공도서관,a305
생거진천혁신도시도서관,충청북도,진천군,공공도서관,a306
대소도서관,충청북도,음성군,공공도서관,a307
감곡도서관,충청북도,음성군,공공도서관,a308
매포공공도서관,충청북도,단양군,공공도서관,a309
다누리도서관,충청북도,단양군,공공도서관,a310
선경도서관,경기도,팔달구,공공도서관,a311
중앙도서관,경기도,팔달구,공공도서관,a312
창룡도서관,경기도,팔달구,공공도서관,a313
화서다산도서관,경기도,팔달구,공공도서관,a314
호매실도서관,경기도,권선구,공공도서관,a315
서수원도서관,경기도,권선구,공공도서관,a316
한림도서관,경기도,권선구,공공도서관,a317
버드내도서관,경기도,권선구,공공도서관,a318
북수원도서관,경기도,장안구,공공도서관,a319
홍도도서관,대전광역시,동구,공공도서관,a320
대추골도서관,경기도,장안구,공공도서관,a321
일월도서관,경기도,장안구,공공도서관,a322
광교홍재도서관,경기도,영통구,공공도서관,a323
영통도서관,경기도,영통구,공공도서관,a324
태장마루도서관,경기도,영통구,공공도서관,a325
광교푸른숲도서관,경기도,영통구,공공도서관,a326
매여울도서관,경기도,영통구,공공도서관,a327
망포글빛도서관,경기도,영통구,공공도서관,a328
슬기샘어린이도서관,경기도,장안구,어린이도서관,a329
지혜샘어린이도서관,경기도,권선구,어린이도서관,a330
바른샘어린이도서관,경기도,영통구,어린이도서관,a331
희망샘도서관,경기도,권선구,공공도서관,a332
사랑샘도서관,경기도,영통구,공공도서관,a333
반달어린이도서관,경기도,영통구,어린이도서관,a334
화홍어린이도서관,경기도,팔달구,어린이도서관,a335
인도래작은도서관,경기도,팔달구,작은도서관,a336
한아름도서관,경기도,팔달구,공공도서관,a337
대구광역시립중앙도서관,대구광역시,중구,공공도서관,a338
대구광역시립동부도서관,대구광역시,동구,공공도서관,a339
대구광역시립남부도서관,대구광역시,남구,공공도서관,a340
대구광역시립서부도서관,대구광역시,서구,공공도서관,a341
대구광역시립2.28학생도서관,대구광역시,동구,공공도서관,a342
대구광역시립수성도서관,대구광역시,수성구,공공도서관,a343
대구광역시립북부도서관,대구광역시,북구,공공도서관,a344
대구광역시립두류도서관,대구광역시,달서구,공공도서관,a345
대구광역시립달성도서관,대구광역시,달성군,공공도서관,a346
도계도서관,강원도,삼척시,공공도서관,a347
원덕도서관,강원도,삼척시,공공도서관,a348
남양작은도서관,강원도,삼척시,공공도서관,a349
평생학습관 내 작은도서관,강원도,삼척시,공공도서관,a350
장덕도서관,광주광역시,광산구,공공도서관,a351
이야기꽃도서관,광주광역시,광산구,공공도서관,a352
첨단도서관,광주광역시,광산구,공공도서관,a353
신가도서관,광주광역시,광산구,공공도서관,a354
운남어린이도서관,광주광역시,광산구,공공도서관,a355
청사도서관,경상북도,성주군,공공도서관,a356
소래도서관,인천광역시,남동구,공공도서관,a357
서창도서관,인천광역시,남동구,공공도서관,a358
간석3동어린이도서관,인천광역시,남동구,공공도서관,a359
만수2동어린이도서관,인천광역시,남동구,공공도서관,a360
가수원도서관,대전광역시,서구,공공도서관,a361
둔산도서관,대전광역시,서구,공공도서관,a362
어린이도서관,대전광역시,서구,공공도서관,a363
갈마도서관,대전광역시,서구,공공도서관,a364
이웃사촌 작은도서관,울산광역시,남구,작은도서관,a365
월평도서관,대전광역시,서구,공공도서관,a366
중앙도서관,경기도,안산시,공공도서관,a367
안산미디어라이브러리,경기도,안산시,공공도서관,a368
사이동꿈을키우는 작은도서관,경기도,안산시,작은도서관,a369
신길샛별 작은도서관,경기도,안산시,작은도서관,a370
석수골 작은도서관,경기도,안산시,작은도서관,a371
모두어린이 작은도서관,경기도,안산시,작은도서관,a372
안산다문화 작은도서관,경기도,안산시,작은도서관,a373
감골도서관,경기도,안산시,공공도서관,a374
성포도서관,경기도,안산시,공공도서관,a375
상록어린이도서관,경기도,안산시,공공도서관,a376
부곡도서관,경기도,안산시,공공도서관,a377
본오도서관,경기도,안산시,공공도서관,a378
반월도서관,경기도,안산시,공공도서관,a379
수암도서관,경기도,안산시,공공도서관,a380
일동도서관,경기도,안산시,공공도서관,a381
본오3동만화작은도서관,경기도,안산시,작은도서관,a382
해양동작은도서관,경기도,안산시,작은도서관,a383
본오1동작은도서관,경기도,안산시,작은도서관,a384
안산평생학습관 작은도서관,경기도,안산시,작은도서관,a385
관산도서관,경기도,단원구,공공도서관,a386
단원어린이도서관,경기도,단원구,공공도서관,a387
선부도서관,경기도,단원구,공공도서관,a388
대부도서관,경기도,단원구,공공도서관,a389
원고잔도서관,경기도,단원구,공공도서관,a390
달미작은도서관,경기도,단원구,작은도서관,a391
당곡작은도서관,경기도,단원구,작은도서관,a392
와동책읽는방작은도서관,경기도,단원구,작은도서관,a393
선녀마을작은도서관,경기도,단원구,작은도서관,a394
와동별빛누리작은도서관,경기도,단원구,작은도서관,a395
신길작은도서관,경기도,단원구,작은도서관,a396
여주도서관,경기도,여주시,공공도서관,a397
세종도서관,경기도,여주시,공공도서관,a398
점동도서관,경기도,여주시,공공도서관,a399
금사도서관,경기도,여주시,공공도서관,a400
대신도서관,경기도,여주시,공공도서관,a401
산북작은도서관,경기도,여주시,작은도서관,a402
북내작은도서관,경기도,여주시,작은도서관,a403
가오도서관,대전광역시,동구,공공도서관,a404
용운도서관,대전광역시,동구,공공도서관,a405
가양도서관,대전광역시,동구,공공도서관,a406
판암도서관,대전광역시,동구,공공도서관,a407
무지개도서관,대전광역시,동구,공공도서관,a408
성남도서관,대전광역시,동구,공공도서관,a409
자양도서관,대전광역시,동구,공공도서관,a410
경복작은도서관,전라남도,화순군,작은도서관,a411
한밭도서관,대전광역시,중구,공공도서관,a412
대전학생교육문화원,대전광역시,중구,공공도서관,a413
산성도서관,대전광역시,중구,공공도서관,a414
갈마도서관,대전광역시,서구,공공도서관,a415
가수원도서관,대전광역시,서구,공공도서관,a416
둔산도서관,대전광역시,서구,공공도서관,a417
월평도서관,대전광역시,서구,공공도서관,a418
어린이도서관,대전광역시,서구,공공도서관,a419
유성도서관,대전광역시,유성구,공공도서관,a420
구즉도서관,대전광역시,유성구,공공도서관,a421
진잠도서관,대전광역시,유성구,공공도서관,a422
노은도서관,대전광역시,유성구,공공도서관,a423
구암도서관,대전광역시,유성구,공공도서관,a424
관평도서관,대전광역시,유성구,공공도서관,a425
원신흥도서관,대전광역시,유성구,공공도서관,a426
안산평생학습도서관,대전광역시,대덕구,공공도서관,a427
신탄진평생학습도서관,대전광역시,대덕구,공공도서관,a428
송촌평생학습도서관,대전광역시,대덕구,공공도서관,a429
고성동부도서관,경상남도,고성군,공공도서관,a430
책사랑작은도서관,경상남도,고성군,공공도서관,a431
문경시립중앙도서관,경상북도,문경시,공공도서관,a432
문경시립문희도서관,경상북도,문경시,공공도서관,a433
문경시립모전도서관,경상북도,문경시,공공도서관,a434
동로작은도서관,경상북도,문경시,공공도서관,a435
산양작은도서관,경상북도,문경시,공공도서관,a436
마성작은도서관,경상북도,문경시,공공도서관,a437
농암작은도서관,경상북도,문경시,공공도서관,a438
경상북도교육청삼국유사군위도서관,경상북도,군위군,공공도서관,a439
대구광역시립중앙도서관,대구광역시,중구,공공도서관,a440
대구2.28기념학생도서관,대구광역시,동구,공공도서관,a441
대구광역시립남부도서관,대구광역시,남구,공공도서관,a442
대구광역시립동부도서관,대구광역시,동구,공공도서관,a443
대구광역시립서부도서관,대구광역시,서구,공공도서관,a444
대구광역시립수성도서관,대구광역시,수성구,공공도서관,a445
대구광역시립북부도서관,대구광역시,북구,공공도서관,a446
대구광역시립두류도서관,대구광역시,달서구,공공도서관,a447
대구광역시립달성도서관,대구광역시,달성군,공공도서관,a448
속초시립도서관,강원도,속초시,공공도서관,a449
풀이음작은도서관,강원도,속초시,작은도서관,a450
영랑작은도서관,강원도,속초시,작은도서관,a451
죽변면도서관,경상북도,울진군,공공도서관,a452
울진남부도서관,경상북도,울진군,공공도서관,a453
울진작은도서관,경상북도,울진군,작은도서관,a454
근남작은도서관,경상북도,울진군,작은도서관,a455
매화작은도서관,경상북도,울진군,작은도서관,a456
글담작은도서관,경상남도,진주시,작은도서관,a457
기성작은도서관,경상북도,울진군,작은도서관,a458
평해작은도서관,경상북도,울진군,작은도서관,a459
온정작은도서관,경상북도,울진군,작은도서관,a460
순창군립도서관,전라북도,순창군,공공도서관,a461
강진군도서관,전라남도,강진군,공공도서관,a462
노원정보도서관,서울특별시,노원구　,공공도서관,a463
노원어린이도서관,서울특별시,노원구　,공공도서관,a464
월계문화정보도서관,서울특별시,노원구　,공공도서관,a465
상계문화정보도서관,서울특별시,노원구　,공공도서관,a466
불암도서관,서울특별시,노원구　,공공도서관,a467
화랑도서관,서울특별시,노원구　,공공도서관,a468
한내도서관,서울특별시,노원구　,공공도서관,a469
향기나무도서관,서울특별시,노원구　,공공도서관,a470
공릉도서관,서울특별시,노원구　,공공도서관,a471
월계어린이도서관,서울특별시,노원구　,공공도서관,a472
꿈꾸는작은도서관,서울특별시,노원구　,작은도서관,a473
달내작은도서관,서울특별시,노원구　,작은도서관,a474
도란도란작은도서관,서울특별시,노원구　,작은도서관,a475
책이랑친구랑작은도서관,서울특별시,노원구　,작은도서관,a476
가재울작은도서관,서울특별시,노원구　,작은도서관,a477
열린작은도서관,서울특별시,노원구　,작은도서관,a478
책누리작은도서관,서울특별시,노원구　,작은도서관,a479
책사랑북카페,서울특별시,노원구　,작은도서관,a480
하늘작은도서관,서울특별시,노원구　,작은도서관,a481
중계사랑북카페,서울특별시,노원구　,작은도서관,a482
푸른숲작은도서관,서울특별시,노원구　,작은도서관,a483
꿈나무도서관,전라남도,화순군,작은도서관,a484
파랑새작은도서관,서울특별시,노원구　,작은도서관,a485
수락작은도서관,서울특별시,노원구　,작은도서관,a486
해솔작은도서관,서울특별시,노원구　,작은도서관,a487
메아리작은도서관,서울특별시,노원구　,작은도서관,a488
반디작은도서관,서울특별시,노원구　,작은도서관,a489
한울작은도서관,서울특별시,노원구　,작은도서관,a490
가온작은도서관,서울특별시,노원구　,작은도서관,a491
노원문화원,서울특별시,노원구　,작은도서관,a492
상계숲속작은도서관,서울특별시,노원구　,작은도서관,a493
초안산숲속작은도서관,서울특별시,노원구　,작은도서관,a494
한내행복발전소,서울특별시,노원구　,작은도서관,a495
육사작은도서관,서울특별시,노원구　,작은도서관,a496
KB국민은행과 함께하는 나무작은도서관,서울특별시,노원구　,작은도서관,a497
정남진도서관,전라남도,장흥군,공공도서관,a498
연천도서관,경기도,연천군,공공도서관,a499
